m_image,f_image
m4~46-v1.tif,f5~510-v1.tif
m4~48-v1.tif,f3~34-v1.tif
m1~19-v1.tif,f1~13-v1.tif
m2~23-v1.tif,f1~16-v1.tif
m1~13-v1.tif,f5~51-v1.tif
m1~15-v1.tif,f4~45-v1.tif
m5~55-v1.tif,f5~52-v1.tif
m1~15-v1.tif,f3~38-v1.tif
m4~47-v1.tif,f4~45-v1.tif
m4~47-v1.tif,f3~37-v1.tif
m1~14-v1.tif,f1~13-v1.tif
m5~55-v1.tif,f3~38-v1.tif
m3~35-v1.tif,f3~37-v1.tif
m3~35-v1.tif,f2~21-v1.tif
m2~23-v1.tif,f4~46-v1.tif
m4~41-v1.tif,f2~22-v1.tif
m4~46-v1.tif,f3~37-v1.tif
m5~51-v1.tif,f4~45-v1.tif
m1~19-v1.tif,f2~25-v1.tif
m1~19-v1.tif,f3~37-v1.tif
m4~46-v1.tif,f3~31-v1.tif
m5~55-v1.tif,f3~31-v1.tif
m4~47-v1.tif,f4~46-v1.tif
m2~22-v1.tif,f5~510-v1.tif
m1~15-v1.tif,f5~510-v1.tif
m4~41-v1.tif,f5~510-v1.tif
m2~26-v1.tif,f5~52-v1.tif
m2~26-v1.tif,f1~13-v1.tif
m1~15-v1.tif,f1~13-v1.tif
m1~16-v1.tif,f3~39-v1.tif
m1~15-v1.tif,f3~39-v1.tif
m3~35-v1.tif,f5~51-v1.tif
m3~31-v1.tif,f5~52-v1.tif
m5~54-v1.tif,f3~37-v1.tif
m2~26-v1.tif,f1~13-v1.tif
m1~16-v1.tif,f5~56-v1.tif
m2~26-v1.tif,f5~51-v1.tif
m2~23-v1.tif,f3~38-v1.tif
m3~31-v1.tif,f1~12-v1.tif
m1~13-v1.tif,f4~46-v1.tif
m1~15-v1.tif,f1~12-v1.tif
m1~19-v1.tif,f3~31-v1.tif
m1~15-v1.tif,f2~22-v1.tif
m2~26-v1.tif,f5~59-v1.tif
m1~13-v1.tif,f5~56-v1.tif
m5~55-v1.tif,f2~25-v1.tif
m2~25-v1.tif,f3~34-v1.tif
m4~46-v1.tif,f5~52-v1.tif
m5~55-v1.tif,f5~52-v1.tif
m4~45-v1.tif,f2~25-v1.tif
m1~15-v1.tif,f5~56-v1.tif
m5~54-v1.tif,f2~21-v1.tif
m4~46-v1.tif,f5~51-v1.tif
m3~35-v1.tif,f4~45-v1.tif
m2~26-v1.tif,f3~37-v1.tif
m2~22-v1.tif,f1~13-v1.tif
m4~48-v1.tif,f5~59-v1.tif
m1~19-v1.tif,f3~31-v1.tif
m4~48-v1.tif,f1~13-v1.tif
m5~55-v1.tif,f4~45-v1.tif
m4~48-v1.tif,f3~39-v1.tif
m2~24-v1.tif,f5~52-v1.tif
m4~41-v1.tif,f4~46-v1.tif
m4~47-v1.tif,f3~39-v1.tif
m4~45-v1.tif,f3~39-v1.tif
m2~23-v1.tif,f5~51-v1.tif
m4~48-v1.tif,f3~38-v1.tif
m4~46-v1.tif,f4~45-v1.tif
m4~45-v1.tif,f2~22-v1.tif
m5~51-v1.tif,f5~56-v1.tif
m5~51-v1.tif,f3~34-v1.tif
m1~15-v1.tif,f1~16-v1.tif
m1~13-v1.tif,f5~51-v1.tif
m1~19-v1.tif,f4~46-v1.tif
m5~54-v1.tif,f3~34-v1.tif
m4~41-v1.tif,f2~22-v1.tif
m5~54-v1.tif,f5~52-v1.tif
m1~14-v1.tif,f3~39-v1.tif
m1~16-v1.tif,f2~21-v1.tif
m1~19-v1.tif,f3~34-v1.tif
m3~35-v1.tif,f3~38-v1.tif
m4~41-v1.tif,f2~25-v1.tif
m4~48-v1.tif,f4~45-v1.tif
m2~23-v1.tif,f2~21-v1.tif
m3~32-v1.tif,f5~510-v1.tif
m1~14-v1.tif,f1~13-v1.tif
m1~16-v1.tif,f4~46-v1.tif
m4~45-v1.tif,f1~13-v1.tif
m3~35-v1.tif,f2~22-v1.tif
m3~32-v1.tif,f5~52-v1.tif
m1~13-v1.tif,f4~41-v1.tif
m5~54-v1.tif,f4~46-v1.tif
m5~55-v1.tif,f3~37-v1.tif
m2~23-v1.tif,f4~46-v1.tif
m4~46-v1.tif,f5~56-v1.tif
m2~24-v1.tif,f3~31-v1.tif
m2~22-v1.tif,f3~39-v1.tif
m2~26-v1.tif,f4~45-v1.tif
m4~41-v1.tif,f4~46-v1.tif
m4~45-v1.tif,f3~39-v1.tif
m3~31-v1.tif,f5~510-v1.tif
m3~32-v1.tif,f4~46-v1.tif
m1~16-v1.tif,f3~38-v1.tif
m3~35-v1.tif,f3~34-v1.tif
m2~22-v1.tif,f2~22-v1.tif
m2~26-v1.tif,f1~16-v1.tif
m5~55-v1.tif,f3~34-v1.tif
m4~45-v1.tif,f3~39-v1.tif
m3~32-v1.tif,f5~59-v1.tif
m4~48-v1.tif,f1~16-v1.tif
m1~19-v1.tif,f3~34-v1.tif
m3~31-v1.tif,f1~16-v1.tif
m4~46-v1.tif,f4~41-v1.tif
m5~51-v1.tif,f3~34-v1.tif
m4~46-v1.tif,f5~52-v1.tif
m3~35-v1.tif,f3~31-v1.tif
m3~32-v1.tif,f3~38-v1.tif
m1~15-v1.tif,f3~31-v1.tif
m2~22-v1.tif,f4~46-v1.tif
m1~14-v1.tif,f4~46-v1.tif
m1~13-v1.tif,f2~25-v1.tif
m4~46-v1.tif,f1~13-v1.tif
m3~35-v1.tif,f1~16-v1.tif
m5~54-v1.tif,f5~51-v1.tif
m3~32-v1.tif,f5~510-v1.tif
m4~45-v1.tif,f5~59-v1.tif
m5~54-v1.tif,f2~21-v1.tif
m5~55-v1.tif,f3~34-v1.tif
m1~19-v1.tif,f1~13-v1.tif
m4~41-v1.tif,f2~25-v1.tif
m4~45-v1.tif,f3~34-v1.tif
m5~54-v1.tif,f3~37-v1.tif
m2~26-v1.tif,f5~56-v1.tif
m4~41-v1.tif,f2~25-v1.tif
m2~23-v1.tif,f5~510-v1.tif
m3~32-v1.tif,f4~46-v1.tif
m4~47-v1.tif,f4~46-v1.tif
m4~41-v1.tif,f5~52-v1.tif
m2~22-v1.tif,f5~59-v1.tif
m3~35-v1.tif,f4~41-v1.tif
m2~23-v1.tif,f4~46-v1.tif
m2~26-v1.tif,f5~510-v1.tif
m4~45-v1.tif,f3~34-v1.tif
m2~22-v1.tif,f3~39-v1.tif
m4~46-v1.tif,f4~45-v1.tif
m3~31-v1.tif,f5~52-v1.tif
m2~24-v1.tif,f5~56-v1.tif
m5~55-v1.tif,f4~41-v1.tif
m2~24-v1.tif,f3~34-v1.tif
m1~19-v1.tif,f2~21-v1.tif
m1~15-v1.tif,f3~34-v1.tif
m4~41-v1.tif,f1~16-v1.tif
m2~26-v1.tif,f3~31-v1.tif
m5~55-v1.tif,f3~38-v1.tif
m2~22-v1.tif,f1~12-v1.tif
m1~14-v1.tif,f1~13-v1.tif
m4~45-v1.tif,f1~12-v1.tif
m3~31-v1.tif,f2~21-v1.tif
m4~48-v1.tif,f5~510-v1.tif
m5~54-v1.tif,f5~51-v1.tif
m3~31-v1.tif,f1~16-v1.tif
m2~24-v1.tif,f2~22-v1.tif
m2~22-v1.tif,f2~22-v1.tif
m3~31-v1.tif,f3~38-v1.tif
m4~47-v1.tif,f2~21-v1.tif
m2~23-v1.tif,f4~46-v1.tif
m2~22-v1.tif,f1~13-v1.tif
m5~55-v1.tif,f1~13-v1.tif
m2~24-v1.tif,f3~39-v1.tif
m1~15-v1.tif,f2~25-v1.tif
m4~41-v1.tif,f2~22-v1.tif
m2~23-v1.tif,f4~41-v1.tif
m4~41-v1.tif,f4~41-v1.tif
m1~13-v1.tif,f1~12-v1.tif
m1~15-v1.tif,f2~21-v1.tif
m3~31-v1.tif,f4~45-v1.tif
m2~24-v1.tif,f3~31-v1.tif
m2~22-v1.tif,f3~34-v1.tif
m4~46-v1.tif,f5~56-v1.tif
m3~31-v1.tif,f5~52-v1.tif
m4~41-v1.tif,f3~31-v1.tif
m2~25-v1.tif,f2~21-v1.tif
m2~25-v1.tif,f3~31-v1.tif
m2~22-v1.tif,f4~41-v1.tif
m1~13-v1.tif,f4~45-v1.tif
m2~23-v1.tif,f2~22-v1.tif
m3~35-v1.tif,f3~31-v1.tif
m1~16-v1.tif,f5~56-v1.tif
m3~35-v1.tif,f1~13-v1.tif
m4~45-v1.tif,f5~59-v1.tif
m5~54-v1.tif,f3~39-v1.tif
m2~26-v1.tif,f3~38-v1.tif
m4~45-v1.tif,f2~21-v1.tif
m3~35-v1.tif,f2~22-v1.tif
m5~54-v1.tif,f3~37-v1.tif
m3~35-v1.tif,f4~41-v1.tif
m2~24-v1.tif,f2~25-v1.tif
m4~48-v1.tif,f3~38-v1.tif
m3~35-v1.tif,f4~46-v1.tif
m4~46-v1.tif,f4~46-v1.tif
m4~48-v1.tif,f5~59-v1.tif
m2~25-v1.tif,f2~22-v1.tif
m4~47-v1.tif,f3~31-v1.tif
m1~19-v1.tif,f5~56-v1.tif
m4~46-v1.tif,f1~16-v1.tif
m5~51-v1.tif,f3~37-v1.tif
m2~22-v1.tif,f3~31-v1.tif
m3~35-v1.tif,f5~59-v1.tif
m5~54-v1.tif,f2~22-v1.tif
m1~15-v1.tif,f3~37-v1.tif
m4~47-v1.tif,f4~41-v1.tif
m2~23-v1.tif,f3~34-v1.tif
m5~51-v1.tif,f5~510-v1.tif
m3~32-v1.tif,f5~51-v1.tif
m2~24-v1.tif,f1~13-v1.tif
m1~19-v1.tif,f3~34-v1.tif
m1~19-v1.tif,f3~39-v1.tif
m5~51-v1.tif,f2~21-v1.tif
m3~32-v1.tif,f1~16-v1.tif
m1~13-v1.tif,f5~52-v1.tif
m1~19-v1.tif,f4~41-v1.tif
m5~51-v1.tif,f5~51-v1.tif
m2~23-v1.tif,f3~34-v1.tif
m1~15-v1.tif,f3~38-v1.tif
m1~13-v1.tif,f1~16-v1.tif
m3~35-v1.tif,f3~37-v1.tif
m4~47-v1.tif,f4~45-v1.tif
m5~51-v1.tif,f4~46-v1.tif
m3~32-v1.tif,f3~31-v1.tif
m4~46-v1.tif,f3~31-v1.tif
m1~19-v1.tif,f4~46-v1.tif
m5~51-v1.tif,f3~31-v1.tif
m2~22-v1.tif,f5~56-v1.tif
m1~16-v1.tif,f5~52-v1.tif
m5~54-v1.tif,f5~51-v1.tif
m1~13-v1.tif,f4~45-v1.tif
m1~16-v1.tif,f1~12-v1.tif
m3~35-v1.tif,f2~21-v1.tif
m4~47-v1.tif,f2~21-v1.tif
m4~41-v1.tif,f3~34-v1.tif
m1~19-v1.tif,f1~13-v1.tif
m2~24-v1.tif,f5~510-v1.tif
m5~51-v1.tif,f1~16-v1.tif
m1~19-v1.tif,f2~25-v1.tif
m5~55-v1.tif,f5~510-v1.tif
m1~19-v1.tif,f5~56-v1.tif
m1~15-v1.tif,f1~12-v1.tif
m1~13-v1.tif,f3~39-v1.tif
m1~16-v1.tif,f1~16-v1.tif
m4~41-v1.tif,f2~25-v1.tif
m4~41-v1.tif,f2~22-v1.tif
m4~41-v1.tif,f4~41-v1.tif
m2~23-v1.tif,f3~34-v1.tif
m3~35-v1.tif,f5~52-v1.tif
m4~45-v1.tif,f2~22-v1.tif
m1~19-v1.tif,f1~13-v1.tif
m4~41-v1.tif,f2~21-v1.tif
m2~25-v1.tif,f1~16-v1.tif
m1~15-v1.tif,f1~13-v1.tif
m2~24-v1.tif,f1~12-v1.tif
m3~31-v1.tif,f4~41-v1.tif
m4~48-v1.tif,f5~59-v1.tif
m4~45-v1.tif,f3~37-v1.tif
m2~23-v1.tif,f5~52-v1.tif
m2~22-v1.tif,f3~38-v1.tif
m5~51-v1.tif,f1~16-v1.tif
m2~25-v1.tif,f3~39-v1.tif
m2~22-v1.tif,f5~59-v1.tif
m4~46-v1.tif,f2~21-v1.tif
m2~23-v1.tif,f1~12-v1.tif
m1~16-v1.tif,f3~39-v1.tif
m2~23-v1.tif,f2~25-v1.tif
m1~13-v1.tif,f2~22-v1.tif
m4~47-v1.tif,f5~59-v1.tif
m4~47-v1.tif,f2~25-v1.tif
m1~16-v1.tif,f3~38-v1.tif
m5~54-v1.tif,f3~37-v1.tif
m5~51-v1.tif,f3~34-v1.tif
m1~13-v1.tif,f2~25-v1.tif
m2~23-v1.tif,f5~56-v1.tif
m2~24-v1.tif,f3~34-v1.tif
m1~19-v1.tif,f5~56-v1.tif
m4~47-v1.tif,f4~41-v1.tif
m4~48-v1.tif,f2~22-v1.tif
m4~48-v1.tif,f4~46-v1.tif
m4~46-v1.tif,f1~12-v1.tif
m1~13-v1.tif,f4~46-v1.tif
m5~55-v1.tif,f1~12-v1.tif
m2~26-v1.tif,f3~34-v1.tif
m2~26-v1.tif,f5~51-v1.tif
m2~23-v1.tif,f3~37-v1.tif
m1~13-v1.tif,f5~510-v1.tif
m2~23-v1.tif,f2~25-v1.tif
m2~24-v1.tif,f5~510-v1.tif
m2~23-v1.tif,f2~21-v1.tif
m2~25-v1.tif,f3~38-v1.tif
m5~54-v1.tif,f2~22-v1.tif
m5~55-v1.tif,f4~46-v1.tif
m3~35-v1.tif,f3~37-v1.tif
m2~24-v1.tif,f3~37-v1.tif
m2~24-v1.tif,f4~46-v1.tif
m3~32-v1.tif,f3~37-v1.tif
m5~55-v1.tif,f3~31-v1.tif
m2~25-v1.tif,f5~52-v1.tif
m4~45-v1.tif,f3~39-v1.tif
m2~22-v1.tif,f5~59-v1.tif
m3~35-v1.tif,f5~52-v1.tif
m2~23-v1.tif,f1~12-v1.tif
m5~54-v1.tif,f1~13-v1.tif
m2~22-v1.tif,f2~22-v1.tif
m1~13-v1.tif,f1~12-v1.tif
m3~31-v1.tif,f2~25-v1.tif
m3~32-v1.tif,f2~25-v1.tif
m5~51-v1.tif,f2~25-v1.tif
m4~48-v1.tif,f4~46-v1.tif
m3~32-v1.tif,f2~22-v1.tif
m2~25-v1.tif,f3~38-v1.tif
m2~22-v1.tif,f3~31-v1.tif
m1~16-v1.tif,f1~16-v1.tif
m2~24-v1.tif,f3~39-v1.tif
m2~24-v1.tif,f3~39-v1.tif
m2~24-v1.tif,f2~25-v1.tif
m3~31-v1.tif,f3~31-v1.tif
m2~25-v1.tif,f5~59-v1.tif
m1~19-v1.tif,f5~51-v1.tif
m5~51-v1.tif,f5~510-v1.tif
m2~24-v1.tif,f3~34-v1.tif
m4~46-v1.tif,f3~38-v1.tif
m4~41-v1.tif,f2~25-v1.tif
m2~24-v1.tif,f5~52-v1.tif
m5~54-v1.tif,f3~31-v1.tif
m4~48-v1.tif,f2~22-v1.tif
m5~54-v1.tif,f4~41-v1.tif
m2~23-v1.tif,f3~38-v1.tif
m1~16-v1.tif,f2~25-v1.tif
m2~25-v1.tif,f3~39-v1.tif
m3~35-v1.tif,f2~21-v1.tif
m3~35-v1.tif,f2~21-v1.tif
m5~55-v1.tif,f5~56-v1.tif
m4~41-v1.tif,f3~38-v1.tif
m1~19-v1.tif,f4~45-v1.tif
m3~35-v1.tif,f3~31-v1.tif
m3~32-v1.tif,f5~59-v1.tif
m2~23-v1.tif,f1~12-v1.tif
m1~16-v1.tif,f5~56-v1.tif
m4~47-v1.tif,f4~46-v1.tif
m1~13-v1.tif,f1~16-v1.tif
m4~46-v1.tif,f1~12-v1.tif
m2~22-v1.tif,f3~38-v1.tif
m3~35-v1.tif,f1~12-v1.tif
m2~24-v1.tif,f3~34-v1.tif
m1~19-v1.tif,f3~37-v1.tif
m2~24-v1.tif,f4~46-v1.tif
m4~48-v1.tif,f4~45-v1.tif
m4~46-v1.tif,f1~13-v1.tif
m1~15-v1.tif,f3~39-v1.tif
m2~23-v1.tif,f5~510-v1.tif
m5~51-v1.tif,f3~31-v1.tif
m2~24-v1.tif,f1~16-v1.tif
m1~16-v1.tif,f5~510-v1.tif
m5~51-v1.tif,f3~31-v1.tif
m4~45-v1.tif,f5~510-v1.tif
m1~13-v1.tif,f4~45-v1.tif
m2~25-v1.tif,f4~45-v1.tif
m2~22-v1.tif,f3~39-v1.tif
m3~35-v1.tif,f5~56-v1.tif
m5~55-v1.tif,f5~56-v1.tif
m2~22-v1.tif,f3~34-v1.tif
m2~22-v1.tif,f5~59-v1.tif
m2~23-v1.tif,f2~21-v1.tif
m1~15-v1.tif,f2~21-v1.tif
m3~31-v1.tif,f4~46-v1.tif
m4~45-v1.tif,f4~41-v1.tif
m2~23-v1.tif,f4~46-v1.tif
m4~41-v1.tif,f5~510-v1.tif
m1~15-v1.tif,f4~45-v1.tif
m1~15-v1.tif,f3~38-v1.tif
m4~48-v1.tif,f1~16-v1.tif
m5~55-v1.tif,f3~39-v1.tif
m2~25-v1.tif,f1~13-v1.tif
m5~54-v1.tif,f2~21-v1.tif
m2~25-v1.tif,f2~21-v1.tif
m3~32-v1.tif,f1~13-v1.tif
m1~19-v1.tif,f5~56-v1.tif
m1~16-v1.tif,f3~38-v1.tif
m2~24-v1.tif,f1~16-v1.tif
m2~23-v1.tif,f5~56-v1.tif
m1~15-v1.tif,f5~52-v1.tif
m4~41-v1.tif,f2~25-v1.tif
m5~51-v1.tif,f1~12-v1.tif
m2~25-v1.tif,f5~59-v1.tif
m5~55-v1.tif,f1~12-v1.tif
m3~35-v1.tif,f3~37-v1.tif
m5~55-v1.tif,f3~38-v1.tif
m4~41-v1.tif,f4~45-v1.tif
m2~25-v1.tif,f1~16-v1.tif
m1~15-v1.tif,f1~16-v1.tif
m5~55-v1.tif,f5~59-v1.tif
m5~54-v1.tif,f5~52-v1.tif
m2~25-v1.tif,f4~45-v1.tif
m1~14-v1.tif,f1~13-v1.tif
m1~15-v1.tif,f5~56-v1.tif
m1~13-v1.tif,f3~38-v1.tif
m4~41-v1.tif,f4~41-v1.tif
m4~48-v1.tif,f2~21-v1.tif
m1~14-v1.tif,f4~46-v1.tif
m4~48-v1.tif,f5~56-v1.tif
m5~55-v1.tif,f3~34-v1.tif
m2~23-v1.tif,f5~51-v1.tif
m4~45-v1.tif,f4~46-v1.tif
m5~51-v1.tif,f3~39-v1.tif
m3~35-v1.tif,f1~16-v1.tif
m5~54-v1.tif,f3~38-v1.tif
m4~46-v1.tif,f1~12-v1.tif
m4~46-v1.tif,f3~31-v1.tif
m1~19-v1.tif,f1~16-v1.tif
m4~47-v1.tif,f1~13-v1.tif
m5~51-v1.tif,f1~12-v1.tif
m2~24-v1.tif,f5~59-v1.tif
m5~54-v1.tif,f1~16-v1.tif
m4~48-v1.tif,f4~46-v1.tif
m1~19-v1.tif,f4~46-v1.tif
m2~22-v1.tif,f3~39-v1.tif
m5~55-v1.tif,f4~41-v1.tif
m4~41-v1.tif,f4~46-v1.tif
m5~54-v1.tif,f2~21-v1.tif
m5~54-v1.tif,f3~38-v1.tif
m1~15-v1.tif,f2~22-v1.tif
m5~55-v1.tif,f3~34-v1.tif
m1~13-v1.tif,f3~38-v1.tif
m2~23-v1.tif,f3~39-v1.tif
m4~45-v1.tif,f5~59-v1.tif
m4~46-v1.tif,f3~38-v1.tif
m4~41-v1.tif,f3~39-v1.tif
m1~16-v1.tif,f1~16-v1.tif
m1~13-v1.tif,f4~41-v1.tif
m1~16-v1.tif,f5~59-v1.tif
m4~48-v1.tif,f1~13-v1.tif
m1~15-v1.tif,f2~22-v1.tif
m4~48-v1.tif,f5~510-v1.tif
m3~31-v1.tif,f1~12-v1.tif
m1~13-v1.tif,f5~56-v1.tif
m4~48-v1.tif,f4~46-v1.tif
m2~22-v1.tif,f5~52-v1.tif
m1~15-v1.tif,f4~46-v1.tif
m1~13-v1.tif,f5~59-v1.tif
m1~14-v1.tif,f5~59-v1.tif
m5~51-v1.tif,f1~16-v1.tif
m4~47-v1.tif,f5~52-v1.tif
m1~15-v1.tif,f2~22-v1.tif
m1~16-v1.tif,f4~46-v1.tif
m1~14-v1.tif,f5~51-v1.tif
m4~48-v1.tif,f1~12-v1.tif
m4~41-v1.tif,f2~25-v1.tif
m4~45-v1.tif,f3~39-v1.tif
m5~51-v1.tif,f2~25-v1.tif
m5~55-v1.tif,f4~41-v1.tif
m3~31-v1.tif,f5~56-v1.tif
m3~31-v1.tif,f3~39-v1.tif
m1~14-v1.tif,f5~51-v1.tif
m5~54-v1.tif,f5~510-v1.tif
m2~26-v1.tif,f1~13-v1.tif
m2~25-v1.tif,f2~21-v1.tif
m4~41-v1.tif,f1~13-v1.tif
m3~32-v1.tif,f5~510-v1.tif
m3~35-v1.tif,f3~34-v1.tif
m2~24-v1.tif,f4~41-v1.tif
m2~25-v1.tif,f5~51-v1.tif
m4~46-v1.tif,f1~13-v1.tif
m3~31-v1.tif,f5~56-v1.tif
m3~31-v1.tif,f5~510-v1.tif
m5~51-v1.tif,f5~51-v1.tif
m5~55-v1.tif,f4~41-v1.tif
m1~19-v1.tif,f1~16-v1.tif
m4~47-v1.tif,f4~46-v1.tif
m5~51-v1.tif,f5~51-v1.tif
m3~32-v1.tif,f2~25-v1.tif
m5~54-v1.tif,f3~34-v1.tif
m4~47-v1.tif,f3~31-v1.tif
m4~41-v1.tif,f5~51-v1.tif
m1~14-v1.tif,f5~510-v1.tif
m3~31-v1.tif,f5~510-v1.tif
m1~15-v1.tif,f5~52-v1.tif
m4~41-v1.tif,f2~25-v1.tif
m1~19-v1.tif,f5~52-v1.tif
m1~15-v1.tif,f5~51-v1.tif
m4~45-v1.tif,f2~22-v1.tif
m1~19-v1.tif,f3~31-v1.tif
m1~16-v1.tif,f2~25-v1.tif
m1~13-v1.tif,f3~39-v1.tif
m1~19-v1.tif,f4~41-v1.tif
m5~54-v1.tif,f1~12-v1.tif
m2~25-v1.tif,f3~39-v1.tif
m5~51-v1.tif,f2~21-v1.tif
m3~35-v1.tif,f3~38-v1.tif
m2~23-v1.tif,f1~12-v1.tif
m3~31-v1.tif,f3~31-v1.tif
m5~54-v1.tif,f5~52-v1.tif
m4~46-v1.tif,f1~12-v1.tif
m2~24-v1.tif,f5~56-v1.tif
m2~26-v1.tif,f1~12-v1.tif
m2~24-v1.tif,f1~13-v1.tif
m1~19-v1.tif,f5~510-v1.tif
m2~22-v1.tif,f5~510-v1.tif
m4~41-v1.tif,f3~39-v1.tif
m3~35-v1.tif,f3~31-v1.tif
m1~14-v1.tif,f3~34-v1.tif
m1~15-v1.tif,f5~510-v1.tif
m3~31-v1.tif,f1~13-v1.tif
m4~46-v1.tif,f3~34-v1.tif
m4~48-v1.tif,f1~12-v1.tif
m4~48-v1.tif,f5~52-v1.tif
m5~51-v1.tif,f3~39-v1.tif
m1~16-v1.tif,f3~39-v1.tif
m2~26-v1.tif,f4~46-v1.tif
m1~15-v1.tif,f2~22-v1.tif
m4~46-v1.tif,f5~59-v1.tif
m4~46-v1.tif,f5~59-v1.tif
m2~25-v1.tif,f5~56-v1.tif
m1~16-v1.tif,f5~510-v1.tif
m2~23-v1.tif,f3~37-v1.tif
m3~35-v1.tif,f5~510-v1.tif
m1~14-v1.tif,f1~13-v1.tif
m2~23-v1.tif,f4~46-v1.tif
m1~15-v1.tif,f4~46-v1.tif
m4~41-v1.tif,f1~16-v1.tif
m1~15-v1.tif,f3~38-v1.tif
m1~14-v1.tif,f2~21-v1.tif
m3~32-v1.tif,f3~39-v1.tif
m4~41-v1.tif,f3~37-v1.tif
m4~41-v1.tif,f2~25-v1.tif
m2~26-v1.tif,f5~52-v1.tif
m4~47-v1.tif,f4~45-v1.tif
m4~46-v1.tif,f4~41-v1.tif
m1~13-v1.tif,f5~56-v1.tif
m1~16-v1.tif,f5~52-v1.tif
m2~23-v1.tif,f3~38-v1.tif
m2~24-v1.tif,f5~52-v1.tif
m4~41-v1.tif,f5~510-v1.tif
m1~15-v1.tif,f4~41-v1.tif
m5~51-v1.tif,f2~25-v1.tif
m1~15-v1.tif,f5~59-v1.tif
m2~25-v1.tif,f5~51-v1.tif
m1~15-v1.tif,f2~22-v1.tif
m1~13-v1.tif,f1~12-v1.tif
m5~55-v1.tif,f2~21-v1.tif
m4~41-v1.tif,f3~37-v1.tif
m2~23-v1.tif,f3~31-v1.tif
m4~47-v1.tif,f3~39-v1.tif
m2~22-v1.tif,f3~34-v1.tif
m4~47-v1.tif,f1~12-v1.tif
m1~19-v1.tif,f3~31-v1.tif
m2~22-v1.tif,f1~16-v1.tif
m2~26-v1.tif,f3~37-v1.tif
m2~24-v1.tif,f3~31-v1.tif
m3~32-v1.tif,f3~34-v1.tif
m3~31-v1.tif,f3~37-v1.tif
m2~23-v1.tif,f5~52-v1.tif
m1~16-v1.tif,f5~56-v1.tif
m1~16-v1.tif,f2~25-v1.tif
m5~54-v1.tif,f4~41-v1.tif
m5~51-v1.tif,f3~38-v1.tif
m2~25-v1.tif,f1~13-v1.tif
m3~32-v1.tif,f4~45-v1.tif
m2~26-v1.tif,f3~38-v1.tif
m4~45-v1.tif,f3~39-v1.tif
m2~23-v1.tif,f2~22-v1.tif
m1~13-v1.tif,f1~13-v1.tif
m4~48-v1.tif,f1~13-v1.tif
m1~13-v1.tif,f4~46-v1.tif
m1~14-v1.tif,f5~59-v1.tif
m5~54-v1.tif,f2~21-v1.tif
m2~25-v1.tif,f4~45-v1.tif
m1~14-v1.tif,f3~38-v1.tif
m1~13-v1.tif,f5~510-v1.tif
m5~55-v1.tif,f3~38-v1.tif
m5~55-v1.tif,f2~22-v1.tif
m1~13-v1.tif,f1~12-v1.tif
m1~15-v1.tif,f3~34-v1.tif
m5~54-v1.tif,f2~22-v1.tif
m3~31-v1.tif,f1~13-v1.tif
m4~46-v1.tif,f3~31-v1.tif
m4~41-v1.tif,f3~37-v1.tif
m4~46-v1.tif,f5~56-v1.tif
m1~14-v1.tif,f5~56-v1.tif
m3~32-v1.tif,f5~52-v1.tif
m2~24-v1.tif,f1~16-v1.tif
m1~19-v1.tif,f3~39-v1.tif
m2~23-v1.tif,f5~510-v1.tif
m2~23-v1.tif,f1~12-v1.tif
m1~15-v1.tif,f1~13-v1.tif
m3~32-v1.tif,f4~46-v1.tif
m2~22-v1.tif,f3~38-v1.tif
m1~19-v1.tif,f3~31-v1.tif
m1~13-v1.tif,f5~56-v1.tif
m4~48-v1.tif,f5~52-v1.tif
m4~48-v1.tif,f3~31-v1.tif
m4~46-v1.tif,f3~39-v1.tif
m4~45-v1.tif,f5~510-v1.tif
m4~48-v1.tif,f2~21-v1.tif
